{"actions":[],"apps":[{"acl":{"app":[],"field":[],"record":[]},"app":null,"category":{"categories":[],"useCategory":"false"},"form":{"layout":"[{\"id\":null,\"type\":\"ROW\",\"isSubTable\":false,\"var\":null,\"label\":null,\"controlList\":[{\"isVirtical\":true,\"styleMap\":{\"width\":193},\"type\":\"SINGLE_LINE_TEXT\",\"var\":\"title\",\"label\":\"title\"}]},{\"id\":null,\"type\":\"ROW\",\"isSubTable\":false,\"var\":null,\"label\":null,\"controlList\":[{\"isVirtical\":true,\"styleMap\":{\"width\":193},\"type\":\"DECIMAL\",\"var\":\"price\",\"label\":\"price\"}]},{\"id\":null,\"type\":\"ROW\",\"isSubTable\":false,\"var\":null,\"label\":null,\"controlList\":[{\"isVirtical\":true,\"styleMap\":{\"width\":193},\"type\":\"DECIMAL\",\"var\":\"num\",\"label\":\"num\"}]},{\"id\":null,\"type\":\"ROW\",\"isSubTable\":false,\"var\":null,\"label\":null,\"controlList\":[{\"isVirtical\":true,\"styleMap\":{\"width\":193},\"type\":\"SINGLE_LINE_TEXT\",\"var\":\"desc\",\"label\":\"desc\"}]},{\"id\":null,\"type\":\"ROW\",\"isSubTable\":false,\"var\":null,\"label\":null,\"controlList\":[{\"isVirtical\":true,\"styleMap\":{\"width\":193},\"type\":\"SINGLE_LINE_TEXT\",\"var\":\"thumb\",\"label\":\"thumb\"}]}]","revision":null},"iconMeta":null,"info":{"automaticallyChooseTitleComponent":"true","code":null,"decimalPrecision":"16","decimalScale":"4","description":"\u003Cdiv\u003E\u003Cbr /\u003E\u003C/div\u003E","enableBulkDeletion":"false","enableRecordReuse":"true","fiscalYearStartMonth":"4","iconKey":"APP39","iconType":"PRESET","jsFiles":null,"jsScope":"ALL","name":"Goods List","roundingMode":"HALF_EVEN","theme":"PLAIN","titleComponentLocalId":null,"useComment":"true","useHistory":"true","useThumbnail":"true"},"jsFiles":[],"notification":{"appNotifications":[{"events":["RECORD_COMMENT_ADDED"],"target":{"entityId":"6294489","entityType":"FIELD_ENTITY","includeSubs":"false"}},{"events":["RECORD_COMMENT_ADDED"],"target":{"entityId":"6294490","entityType":"FIELD_ENTITY","includeSubs":"false"}}],"recordNotifications":[],"reminderTimezone":null,"reminders":[],"useComment":"true","useReminder":"false"},"plugins":[],"reports":[],"resource":{"tables":[{"rows":[{"fields":[],"objectId":"0","subObjectId":"-1"}],"type":"AppName"},{"rows":[{"fields":[],"objectId":"0","subObjectId":"-1"}],"type":"AppDescription"},{"rows":[{"fields":[],"objectId":"6294488","subObjectId":"-1"},{"fields":[],"objectId":"6294489","subObjectId":"-1"},{"fields":[],"objectId":"6294490","subObjectId":"-1"},{"fields":[],"objectId":"6294491","subObjectId":"-1"},{"fields":[],"objectId":"6294492","subObjectId":"-1"},{"fields":[],"objectId":"6294493","subObjectId":"-1"},{"fields":[],"objectId":"6294494","subObjectId":"-1"},{"fields":[],"objectId":"6294495","subObjectId":"-1"},{"fields":[],"objectId":"6294496","subObjectId":"-1"},{"fields":[],"objectId":"6294497","subObjectId":"-1"},{"fields":[],"objectId":"6294498","subObjectId":"-1"},{"fields":[],"objectId":"6294499","subObjectId":"-1"},{"fields":[],"objectId":"6294500","subObjectId":"-1"}],"type":"FieldLabel"},{"rows":[{"fields":[],"objectId":"20","subObjectId":"-1"}],"type":"ViewName"},{"rows":[],"type":"CategoryName"}]},"schema":{"groups":[],"revision":null,"subTable":{},"table":{"fieldList":{"6294488":{"id":"6294488","label":"记录编号","properties":{"noLabel":"false","required":"true"},"type":"RECORD_ID","var":"记录编号"},"6294489":{"id":"6294489","label":"更新人","properties":{"noLabel":"false","required":"true"},"type":"MODIFIER","var":"更新人"},"6294490":{"id":"6294490","label":"创建人","properties":{"noLabel":"false","required":"true"},"type":"CREATOR","var":"创建人"},"6294491":{"id":"6294491","label":"更新时间","properties":{"noLabel":"false","required":"true"},"type":"MODIFIED_AT","var":"更新时间"},"6294492":{"id":"6294492","label":"创建时间","properties":{"noLabel":"false","required":"true"},"type":"CREATED_AT","var":"创建时间"},"6294493":{"id":"6294493","label":"状态","properties":{"noLabel":"false","required":"false"},"type":"STATUS","var":"状态"},"6294494":{"id":"6294494","label":"执行者","properties":{"noLabel":"false","required":"false"},"type":"STATUS_ASSIGNEE","var":"执行者"},"6294495":{"id":"6294495","label":"类别","properties":{"noLabel":"false","required":"false"},"type":"CATEGORY","var":"类别"},"6294496":{"id":"6294496","label":"title","properties":{"defaultValue":"","expression":"","hideExpression":"false","max":null,"min":null,"noLabel":"false","required":"false","unique":"false"},"type":"SINGLE_LINE_TEXT","var":"title"},"6294497":{"id":"6294497","label":"price","properties":{"defaultValue":null,"digit":"false","displayScale":null,"max":null,"min":null,"noLabel":"false","required":"false","roundingMode":null,"scale":null,"unique":"false","unit":"","unitPosition":"BEFORE"},"type":"DECIMAL","var":"price"},"6294498":{"id":"6294498","label":"num","properties":{"defaultValue":null,"digit":"false","displayScale":null,"max":null,"min":null,"noLabel":"false","required":"false","roundingMode":null,"scale":null,"unique":"false","unit":"","unitPosition":"BEFORE"},"type":"DECIMAL","var":"num"},"6294499":{"id":"6294499","label":"desc","properties":{"defaultValue":"","expression":"","hideExpression":"false","max":null,"min":null,"noLabel":"false","required":"false","unique":"false"},"type":"SINGLE_LINE_TEXT","var":"desc"},"6294500":{"id":"6294500","label":"thumb","properties":{"defaultValue":"","expression":"","hideExpression":"false","max":null,"min":null,"noLabel":"false","required":"false","unique":"false"},"type":"SINGLE_LINE_TEXT","var":"thumb"}},"id":"1","label":"__ROOT__","properties":null,"var":"__ROOT__"}},"settingsNotesForm":{"content":null,"willBeInherited":null},"status":{"actions":[],"filters":[],"initialStateId":null,"states":[],"useStatus":"false"},"uuid":"bd1d45c1-8e31-4fca-8234-d3b15e64fd87","views":[{"advancedMode":null,"builtinType":"ALL","device":null,"fields":[{"row":[{"columnWidth":null,"id":"6294488"},{"columnWidth":null,"id":"6294496"},{"columnWidth":null,"id":"6294497"},{"columnWidth":null,"id":"6294498"},{"columnWidth":null,"id":"6294499"},{"columnWidth":null,"id":"6294500"}]}],"filter":{"category":null,"offset":null,"order":[],"q":null,"size":null,"sort":[]},"html":null,"keyFieldId":null,"name":"（全部）","pager":null,"revision":null,"titleFieldId":null,"view":"20","viewType":"LIST"}]}],"description":"kintone mobile customize demo","iconKey":"APP39","iconMeta":null,"iconSrcAppId":"bd1d45c1-8e31-4fca-8234-d3b15e64fd87","iconType":"PRESET","imagesMeta":[],"lookups":[],"name":"Goods list","references":[],"version":"40"}